feature,mean_near,mean_far
SD,605.2265293996027,688.3948235408416
CORR,0.47251873097119657,0.09692672794137937
