accuracy,f1,precision,recall,roc_auc,model,n_features
0.9787166648392481,0.9780237750801937,0.9660056657223796,0.9903446870302907,0.9976118476713256,hgb_full,40
0.9608323282531096,0.9604672609898555,0.9282895987830386,0.9949557995567218,0.9957635557199032,hgb_original,8
0.9558861152735646,0.9558301516241965,0.916982633525254,0.9981147937737243,0.99451484883182,rf_base,3
0.9732465918643325,0.9724998121571868,0.956355754784365,0.9891982778386366,0.994084840846897,rf_full,40
