image_name,error_rate
O012791.npz,0.233860366610677
O013490.npz,0.15001888332541446
O013257.npz,0.1158049303927936
