Accuracy,ROC AUC,F1 Score,Precision,Recall
0.9493195911455478,0.9868438197748749,0.948849104859335,0.9170291146761735,0.9829567166840751
