split,accuracy,f1,precision,recall,roc_auc
train,0.9817114922212137,0.9728348924394196,0.9599719920644183,0.9860471806674338,0.9987057377474887
test,0.9694821095720185,0.9687051033793491,0.9504314571484604,0.9876952080095789,0.9952506040024282
