Accuracy,ROC AUC,F1 Score,Precision,Recall
0.9787166648392481,0.9976118476713256,0.9780237750801937,0.9660056657223796,0.9903446870302907
