Accuracy,ROC AUC,F1 Score,Precision,Recall
0.9694821095720185,0.9952506040024282,0.9687051033793491,0.9504314571484604,0.9876952080095789
