epoch,step,train_loss_epoch,train_loss_step,val_loss
0,199,,0.08954272419214249,
0,224,,,0.14836633205413818
0,224,0.08897816389799118,,
1,399,,0.08671046793460846,
1,449,,,0.14836423099040985
1,449,0.08883844316005707,,
2,599,,0.08974489569664001,
2,674,,,0.14836369454860687
2,674,0.08877801895141602,,
3,799,,0.09631908684968948,
3,899,,,0.14832530915737152
3,899,0.08872028440237045,,
4,999,,0.08811439573764801,
4,1124,,,0.14842787384986877
4,1124,0.0887012779712677,,
